Size (sq ft),Location,Security,Garage,Floor_Number,Number_of_Rooms,Built_Year,Price (in $1000s)
2513,0,0,0,10,5,2015,202.65
3745,1,0,1,5,9,1992,326.25
2176,1,0,1,9,4,1983,178.8
3136,0,1,1,2,6,2023,289.8
858,0,1,1,9,10,2004,179.9
2774,1,1,1,8,5,1993,256.7
3207,1,1,0,7,7,2020,326.35
3794,0,0,0,7,2,1980,173.7
1800,1,1,1,10,6,1989,224
1120,0,1,1,7,2,2020,167
915,1,1,0,1,5,1999,126.75
3064,0,1,1,10,2,2011,260.2
3298,0,0,0,8,2,1996,162.9
3387,0,0,1,10,7,1997,244.35
1732,0,1,1,9,7,2016,219.6
3580,0,0,1,5,9,2006,282
1846,1,1,0,3,3,2013,166.3
1663,1,0,1,4,10,2018,285.15
3269,0,1,1,7,4,1981,186.45
839,1,1,1,10,9,1992,204.95
2949,1,1,0,5,6,2004,253.45
1632,1,0,0,3,6,2002,176.6
3145,1,1,0,4,9,2006,311.25
3607,0,0,0,7,7,1981,207.35
2662,1,1,1,2,8,1984,229.1
3578,0,1,0,9,6,2018,303.9
1614,1,0,0,4,10,1996,199.7
3714,1,1,0,10,10,2021,381.7
3447,1,1,1,4,6,2018,326.35
845,0,1,1,6,2,2020,129.25
929,1,0,1,9,8,1989,159.45
1480,0,1,0,8,7,1995,162
3523,0,0,1,2,9,2003,258.15
1914,0,0,0,6,2,2006,102.7
2954,0,1,0,8,2,1997,169.7
3644,1,0,1,7,8,1983,298.2
2996,0,1,0,8,3,1999,168.8
1184,1,1,0,4,5,2019,185.2
1039,0,1,1,10,8,2018,217.95
2888,0,0,0,9,10,2004,241.4
3427,0,0,1,2,10,2009,278.35
3613,0,0,1,1,9,2014,295.65
3693,0,1,0,8,4,2006,236.65
2745,1,1,1,5,2,2012,267.25
2995,0,0,1,3,8,2022,254.75
1415,1,1,0,10,5,1988,149.75
2957,0,0,1,4,6,2020,250.85
1197,0,1,0,7,3,1986,66.85
1324,0,0,0,7,5,2003,99.2
1469,0,1,0,4,6,2009,157.45
2279,1,1,1,7,5,2021,297.95
3430,1,1,0,2,6,1987,228.5
2330,0,1,0,3,8,1983,130.5
3395,0,0,0,6,4,2020,234.75
3989,0,0,0,7,10,2008,285.45
1015,0,1,1,6,5,2008,145.75
1102,1,1,1,1,3,1992,115.1
2138,0,1,1,9,3,2010,184.9
2287,1,0,0,10,9,1994,240.35
3660,1,1,1,5,7,2000,323
2271,0,1,1,4,9,2013,250.55
1027,1,0,1,10,7,1989,180.35
2907,0,1,1,6,3,1988,177.35
3025,0,1,0,1,2,1985,100.25
2988,1,1,0,8,7,1997,260.4
3315,1,1,0,7,2,2019,271.75
1571,1,0,1,8,5,2003,193.55
2860,0,0,0,4,9,2022,252
2886,0,0,1,4,7,2015,243.3
2657,1,0,1,3,7,2003,257.85
1225,0,1,1,2,2,2009,127.25
968,1,0,0,7,4,1992,123.4
1253,1,1,0,1,10,2001,182.65
1537,1,1,0,8,10,1992,215.85
3679,1,0,1,1,2,2002,248.95
2082,0,1,0,8,5,1999,160.1
3366,0,1,1,10,2,2002,259.3
2123,1,0,0,3,7,2006,192.15
1764,1,0,0,2,3,2010,145.2
3071,0,1,0,6,10,1999,238.55
1453,0,1,0,7,9,1996,164.65
3638,0,0,1,2,10,1997,261.9
3000,0,1,0,7,10,1986,215
2442,0,0,1,4,6,1994,164.1
1828,1,0,0,7,9,1982,197.4
839,1,1,1,3,9,2012,231.95
1105,1,1,0,4,8,1994,183.25
3691,1,0,0,7,7,1995,288.55
2247,1,1,1,1,3,1988,169.35
2746,1,0,1,5,2,2014,237.3
2589,1,0,0,1,2,2003,144.45
3919,1,0,0,9,7,2012,341.95
2418,1,1,1,8,6,1992,260.9
3446,1,0,1,8,8,1987,295.3
3422,0,0,1,4,2,1995,185.1
2730,0,1,1,7,6,2011,249.5
1865,1,0,1,2,4,1981,141.25
1267,0,0,1,8,5,1981,88.35
3410,1,0,0,9,5,1998,252.5
3291,1,0,0,4,2,1993,178.55
2444,0,1,0,1,5,2006,158.2
1642,0,0,1,9,2,2019,180.1
2105,0,1,0,5,3,2014,145.25
3114,0,0,1,3,7,2008,244.7
2765,0,0,0,8,4,2004,164.25
2007,1,1,0,2,8,2000,222.35
2544,1,1,0,8,7,1994,237.2
3797,0,1,0,2,2,1984,157.85
3433,1,0,0,2,2,2020,253.65
1745,0,0,0,5,7,1996,133.25
1871,1,0,0,6,3,2008,159.55
2766,0,0,0,5,5,1987,135.3
3708,0,0,0,3,6,1983,161.4
3197,1,0,0,5,5,1991,235.85
2744,1,0,1,4,6,1998,246.2
2458,1,0,1,4,8,2016,300.9
2367,0,1,0,2,10,1992,166.35
3209,0,1,1,9,10,2004,320.45
802,0,1,0,3,5,1980,29.1
2647,0,1,0,9,6,1980,185.35
2179,1,0,0,5,8,2023,247.95
3247,1,1,0,8,8,1998,290.35
2834,1,0,1,8,3,1996,253.7
1064,0,0,0,1,6,2013,107.2
1685,0,1,1,1,3,1986,103.25
2299,0,0,0,9,2,2009,135.95
1281,0,1,0,2,2,2022,124.05
995,1,0,0,4,4,1992,79.75
3550,0,0,1,8,7,2002,254.5
3121,1,0,1,5,2,2003,241.05
1439,1,1,0,3,8,2000,179.95
953,1,0,0,2,8,1989,104.65
2234,1,1,1,4,9,2015,313.7
2454,0,0,0,9,8,1985,147.7
1626,1,1,0,10,5,2011,241.3
3239,0,0,0,1,10,2009,227.95
1905,1,0,1,6,10,2019,301.25
3318,1,0,1,2,6,2000,274.9
1390,1,1,0,2,4,2011,161.5
1317,0,1,0,2,4,1995,74.85
1844,0,0,0,1,3,1997,67.2
3677,1,0,0,8,9,2017,365.85
2657,1,0,0,7,10,1992,268.85
1046,0,1,1,7,7,1998,162.3
2999,0,1,0,10,7,1997,233.95
1025,0,1,1,7,2,2005,106.25
1936,1,0,1,4,9,1987,204.8
3839,0,0,0,4,10,2005,256.95
1168,1,1,1,10,7,1985,213.4
2108,1,1,0,4,6,1996,192.4
1102,1,0,0,2,10,2018,189.1
1541,0,0,1,2,4,1994,111.05
1084,0,1,0,2,5,1990,55.2
3551,0,1,0,7,9,2007,303.55
2601,0,0,1,1,10,1983,171.05
3911,0,1,1,6,6,2015,322.55
2458,0,1,0,6,7,1998,168.9
3374,1,1,0,3,6,1984,220.7
3246,0,1,0,9,7,1988,237.3
2750,1,1,0,1,7,1988,189.5
923,1,1,0,8,4,2019,178.15
1683,1,1,0,1,7,2008,209.15
2277,1,0,1,2,4,2004,221.85
3035,0,1,1,3,9,1993,252.75
3114,0,0,0,6,3,2001,177.7
2379,1,1,0,2,3,1987,156.95
3752,0,0,0,1,6,1998,200.6
2775,0,1,0,1,8,2010,219.75
3282,1,1,0,2,5,1999,233.1
1642,1,0,0,1,6,1990,107.1
2408,0,1,0,7,2,1986,133.4
2478,0,0,0,2,2,2003,91.9
2888,1,1,0,10,9,2016,351.4
2204,0,1,1,9,3,1999,191.2
3180,1,1,1,10,3,2023,325
1371,1,0,1,7,5,2017,205.55
3619,0,1,0,1,2,2008,204.95
986,1,0,1,10,6,2012,228.3
2850,1,0,1,3,10,1993,274.5
1233,1,0,0,10,4,2007,160.65
3318,0,1,1,5,8,2001,266.9
1071,0,0,1,8,10,1980,128.55
3579,1,1,1,1,6,2023,344.95
2727,0,0,1,1,5,2019,193.35
2100,1,1,1,6,2,1999,201
815,0,0,0,7,9,2000,101.75
1778,1,0,0,2,10,2013,208.9
2051,1,0,1,10,5,2023,259.55
2574,0,0,1,7,4,2002,175.7
842,1,1,0,10,2,2002,127.1
1634,0,0,1,10,5,1989,134.7
2979,0,0,1,8,9,2011,290.95
2515,0,1,1,9,6,2007,232.75
1408,1,1,0,8,6,2018,238.4
1337,1,1,0,6,5,2021,207.85
3827,1,0,0,3,2,2014,245.35
2517,1,1,0,3,6,2018,262.85
2023,1,0,0,7,6,2015,233.15
1067,0,1,0,10,9,1987,141.35
3315,0,1,1,4,9,1986,254.75
3362,1,0,0,4,9,2014,297.1
2951,1,1,0,6,10,2003,323.55
3275,0,0,1,5,6,2021,276.75
1481,1,0,0,5,7,1981,117.05
834,0,0,0,9,4,2008,79.7
1301,1,0,0,8,9,2002,219.05
2027,0,1,1,6,6,1987,184.35
3058,1,1,0,1,9,2004,280.9
3767,1,1,1,9,9,2004,401.35
3465,0,1,0,3,6,2001,231.25
970,0,0,0,10,7,1985,75.5
1113,1,0,0,5,7,1994,143.65
3464,1,0,1,6,10,1987,306.2
2205,0,1,1,4,5,2002,197.25
1933,0,0,0,10,6,2007,186.65
3025,0,1,0,10,6,2003,241.25
2684,1,0,0,4,10,1996,247.2
3215,0,1,1,4,4,2018,268.75
3785,0,0,0,4,6,1987,179.25
986,0,0,1,5,8,1981,116.3
2344,1,0,1,10,4,2008,248.2
997,1,1,0,4,4,1997,109.85
2364,1,1,0,1,2,1994,171.2
3375,0,0,1,3,4,1993,178.75
1781,1,1,1,4,10,2005,257.05
3739,0,0,1,7,8,2014,290.95
3012,1,1,1,8,8,2013,356.6
3063,1,1,1,2,6,1993,244.15
892,1,1,1,9,9,2008,255.6
2745,1,1,0,10,10,2013,338.25
3445,0,0,0,10,10,2013,302.25
3546,1,1,0,9,10,2014,363.3
3197,0,0,0,10,8,2012,255.85
2125,0,0,1,9,10,2009,253.25
1929,1,0,0,9,5,1983,165.45
3946,1,0,1,3,4,2020,323.3
2533,0,0,1,3,6,2012,222.65
1664,1,1,0,5,3,2011,175.2
3108,0,0,1,10,5,1990,228.4
1984,1,1,1,10,9,1980,269.2
1211,1,1,0,4,2,2002,119.55
2158,0,1,1,1,4,2002,174.9
3153,0,0,1,10,10,1999,277.65
2530,0,0,0,3,8,2013,205.5
1279,1,1,1,2,5,2001,173.95
3806,1,1,0,6,2,2019,302.3
3353,1,1,1,8,3,2014,304.65
1817,0,0,0,4,8,2013,147.85
914,0,0,1,4,5,1997,108.7
3723,0,1,1,10,4,1994,254.15
3997,1,0,0,8,4,2014,301.85
2600,1,0,1,5,8,2000,252
1751,0,0,0,5,9,2021,182.55
1554,0,1,0,6,5,2005,148.7
1820,0,1,0,2,3,2011,136
3597,1,1,0,9,4,1988,246.85
3864,1,0,0,5,2,1990,210.2
1024,1,1,0,2,4,2001,106.2
1837,1,1,1,3,5,1994,200.85
2142,1,0,1,9,7,2002,256.1
3064,0,0,0,4,10,1985,179.2
2545,0,1,1,3,4,1985,133.25
2277,0,0,1,5,6,2007,182.85
3605,0,0,1,5,7,1995,264.25
3677,0,1,0,4,2,1996,165.85
1985,0,0,0,2,3,1993,84.25
2173,0,1,0,2,3,2023,146.65
3313,0,1,1,7,5,1992,241.65
1414,0,0,0,3,8,1988,71.7
2475,1,0,0,9,8,1995,242.75
3363,1,1,0,1,9,1989,246.15
805,1,0,1,3,6,2002,161.25
3606,0,1,0,4,7,1984,203.3
2679,1,1,0,5,8,1988,228.95
2657,1,1,0,9,6,1990,226.85
3508,1,1,1,7,5,1984,261.4
1173,0,0,1,5,5,1989,75.65
1784,0,0,1,10,6,2011,218.2
3816,1,1,0,9,8,2021,360.8
2710,1,1,1,3,10,2021,326.5
3923,0,1,0,3,2,2003,196.15
2614,1,0,0,8,4,1996,212.7
1927,1,1,0,3,8,1999,219.35
2725,1,1,1,8,2,2011,273.25
906,0,1,1,10,2,2021,152.3
1372,1,0,1,4,8,1995,169.6
3011,1,0,1,7,2,2023,261.55
1251,1,1,1,8,8,2023,260.55
2349,1,1,1,3,9,2018,321.45
1786,0,1,1,6,7,2001,204.3
920,0,0,0,3,3,1990,5
908,0,0,0,9,10,1999,147.4
3396,0,1,1,3,4,2001,240.8
2559,1,1,0,4,5,2023,278.95
1082,0,1,1,9,2,1999,110.1
3531,0,1,1,8,3,1980,200.55
1771,1,0,1,10,8,2004,273.55
1480,1,1,1,1,10,2005,258
3650,0,1,0,3,3,2008,212.5
2176,0,1,0,7,5,1995,161.8
819,0,0,0,5,8,2014,126.95
3504,0,0,0,3,8,2009,227.2
816,0,1,0,6,5,1994,84.8
2467,1,1,1,8,4,2006,277.35
2100,1,0,1,5,10,1987,220
2636,0,0,1,6,8,1993,213.8
2741,1,1,1,7,9,1999,322.05
1457,0,0,0,7,2,2010,110.85
2988,1,0,0,7,6,2006,245.4
3258,0,1,1,9,2,2021,257.9
1951,1,1,1,2,4,2003,219.55
3140,1,0,0,10,4,2015,283
3449,1,0,1,6,8,2006,337.45
2843,0,1,0,10,8,2017,279.15
3605,0,1,0,4,2,1983,153.25
999,1,1,0,9,5,1981,128.95
1998,0,0,1,3,9,1981,155.9
3170,1,1,0,2,10,2014,307.5
1690,1,0,1,4,6,1989,165.5
2315,0,1,1,10,2,2014,217.75
2545,1,1,0,10,6,2006,289.25
2206,1,0,0,10,8,2009,247.3
1196,0,1,1,1,3,1984,77.8
1230,1,0,1,1,3,2016,165.5
3203,0,1,0,9,4,1999,219.15
3189,1,0,0,1,5,1998,213.45
3406,1,0,1,8,8,1996,319.3
2514,0,0,1,9,3,2011,213.7
1827,0,0,1,2,2,2020,124.35
929,1,0,1,3,6,2020,203.45
3806,0,1,1,7,4,1990,232.3
3703,1,1,0,8,7,2016,364.15
1783,0,0,1,3,6,1989,125.15
2538,0,0,0,2,5,1987,126.9
1595,0,1,0,3,8,1994,150.75
2723,0,1,1,5,8,2021,296.15
1890,1,1,1,8,9,1986,249.5
3048,0,0,1,2,2,1984,133.4
3204,1,1,0,3,7,2014,295.2
3175,0,1,1,9,3,2001,235.75
1362,1,1,0,10,5,1989,146.1
1358,1,0,1,10,7,2023,250.9
905,0,1,0,6,7,2008,143.25
1054,0,0,0,10,8,2016,157.7
1615,0,1,1,8,9,2001,194.75
2840,0,1,1,7,2,1984,171
3872,0,0,1,4,9,1990,244.6
1683,0,1,1,10,9,1993,202.15
2743,0,0,1,3,6,2010,197.15
2098,0,0,1,7,4,2020,192.9
1792,1,1,0,3,5,2005,174.6
1428,0,1,1,3,6,2012,169.4
3094,0,0,1,5,2,2000,187.7
2465,1,0,0,7,10,1983,220.25
1734,0,0,0,5,10,1998,138.7
2132,0,1,0,10,10,2009,231.6
976,0,0,0,8,3,1992,53.8
3437,0,1,1,5,3,2001,228.85
2384,0,1,1,9,7,2006,230.2
2628,0,0,0,4,4,1992,145.4
1024,1,0,1,8,8,1985,152.2
1133,1,0,1,8,4,2015,211.65
2990,1,0,0,7,2,1999,205.5
814,0,1,1,9,4,2015,140.7
1596,1,1,1,3,6,2019,231.8
2302,1,0,0,4,4,1993,174.1
813,0,0,1,4,10,1981,89.65
1978,1,1,0,8,4,2003,212.9
1525,1,0,0,10,7,1982,168.25
1774,1,0,1,10,7,2003,248.7
2852,0,0,0,6,10,2013,261.6
3613,1,0,0,6,3,2002,234.65
2667,0,1,1,4,7,1985,188.35
3723,0,1,1,7,2,1987,195.15
998,0,0,0,2,9,1985,71.9
2971,0,0,0,9,5,1991,169.55
3194,0,1,0,6,2,2018,227.7
1030,0,1,1,2,6,2023,177.5
1125,1,0,0,8,8,1998,167.25
3519,0,0,1,6,5,2005,250.95
1281,1,0,0,1,5,1993,121.05
3209,0,1,1,6,8,1993,240.45
1804,1,0,0,3,3,2004,136.2
1671,1,0,1,6,8,2011,260.55
2254,1,1,1,8,6,1992,246.7
3863,0,0,0,1,7,1992,203.15
2617,1,0,1,2,7,2021,262.85
2425,1,1,0,6,9,1991,241.25
3449,0,0,1,2,3,2021,250.45
2383,0,0,0,8,8,2009,216.15
3694,1,0,0,6,7,1980,247.7
2064,1,1,1,1,6,1991,199.2
1531,0,0,1,2,8,2003,133.55
860,0,0,0,10,9,1994,115
2926,1,0,0,4,2,1989,152.3
2006,0,1,0,7,8,1982,160.3
2287,1,0,1,3,5,2015,235.35
2943,1,1,0,7,6,2018,281.15
2139,0,0,1,5,7,2013,216.95
1522,1,1,1,2,7,1985,186.1
852,1,0,0,1,7,1989,90.6
847,1,1,0,4,6,2007,143.35
1206,1,0,1,4,3,2019,171.3
1025,0,1,1,6,2,1994,98.25
2897,0,0,1,8,6,2000,206.85
1823,0,1,0,3,6,1983,92.15
1154,0,0,0,3,5,1999,54.7
1153,0,0,1,7,10,2009,172.65
2729,1,1,1,7,3,2000,259.45
806,1,0,0,6,10,1997,176.3
3265,1,1,1,7,4,2014,296.25
3975,1,0,1,5,4,2000,287.75
3669,0,0,1,8,8,2004,286.45
3577,1,0,1,8,5,2006,310.85
2685,0,0,1,10,4,1990,197.25
1913,1,0,1,9,9,2003,247.65
3375,0,1,0,1,2,2012,172.75
1671,0,0,0,8,10,2022,231.55
1622,1,1,0,6,3,2009,174.1
3057,1,1,1,10,10,2015,394.85
3480,1,1,0,5,3,2016,294
2246,0,1,1,6,9,2016,280.3
3186,0,1,1,4,2,1992,164.3
2683,0,0,1,2,5,2016,190.15
1145,1,0,0,4,8,2020,196.25
2451,1,0,0,4,5,2021,216.55
1029,0,1,1,7,2,2006,119.45
2285,1,1,0,1,9,2019,283.25
1389,1,0,1,3,3,2016,175.45
3814,0,0,0,6,7,2022,297.7
2931,0,1,1,9,6,1992,216.55
3305,1,1,0,8,3,1992,232.25
2892,1,1,0,8,6,2016,283.6
1343,0,1,0,2,8,2007,159.15
1702,0,1,0,4,8,1989,131.1
1675,0,1,0,5,8,2021,189.75
2740,0,1,0,5,7,1991,184
1250,1,1,1,10,5,2012,237.5
2758,1,1,1,2,7,1980,220.9
3214,1,0,0,9,7,1986,253.7
3530,1,0,0,4,10,1992,293.5
3478,1,0,1,5,9,2012,347.9
1508,0,1,1,1,5,1997,124.4
3780,1,0,1,5,3,2003,291
3329,0,1,0,5,9,1997,252.45
2266,0,0,0,7,6,2011,169.3
2449,0,1,1,9,5,1997,197.45
1133,0,1,1,10,9,1988,168.65
2767,1,0,0,3,2,2022,219.35
1084,0,0,0,7,8,2009,149.2
3487,1,1,0,4,5,1982,229.35
1520,0,0,0,9,9,1982,115
2959,1,1,0,5,5,1982,201.95
1447,0,1,1,3,2,2000,116.35
1364,1,1,1,7,3,1985,137.2
2144,0,1,1,1,9,1995,180.2
1122,0,0,0,6,8,2019,156.1
3146,1,1,0,9,2,2018,267.3
1243,0,0,0,6,10,1982,112.15
3585,0,0,1,10,10,2003,304.25
3345,1,0,1,6,10,1988,318.25
2897,1,1,0,5,2,2012,240.85
3040,0,1,0,7,5,1995,177
3756,1,0,1,10,8,2015,363.8
2920,0,0,0,8,2,2017,176
2603,0,1,1,2,3,2000,151.15
3177,0,1,1,5,9,2005,299.85
2132,1,0,1,4,7,1980,190.6
1398,1,0,0,8,2,1981,102.9
1248,1,0,0,3,2,1988,64.4
3624,0,0,0,3,4,2015,219.2
2714,1,0,1,2,10,1987,232.7
3481,0,1,0,2,5,2018,243.05
2671,1,1,1,7,8,1984,284.55
3740,0,0,1,1,2,1983,151
3600,1,0,0,1,4,2011,254
1906,0,0,0,3,5,1991,92.3
1988,0,0,1,1,9,1983,151.4
2896,0,1,0,1,8,1997,179.8
2297,1,0,1,5,8,1986,212.85
3720,0,0,0,9,2,1985,186
2444,1,1,0,3,7,1998,219.2
3698,0,0,0,8,3,1983,163.9
1538,1,0,0,8,8,1999,203.9
3261,0,1,1,9,4,1990,232.05
2197,0,0,0,1,5,1983,64.85
1376,0,1,0,5,3,2001,111.8
2533,0,0,0,5,8,1987,149.65
2612,0,0,0,10,9,1997,202.6
3584,1,1,0,6,9,1982,300.2
1574,0,0,0,5,3,2010,92.7
3685,1,1,1,8,9,1993,332.25
2121,0,0,1,9,8,1999,229.05
2229,1,1,1,7,4,1994,225.45
3256,0,0,1,6,3,1989,189.8
2195,0,1,1,3,6,1994,191.75
2938,0,1,1,7,5,2011,234.9
2578,0,1,1,10,8,1986,231.9
1544,0,1,1,5,3,2013,168.2
2798,0,0,1,4,9,1987,223.9
3211,0,0,0,7,2,2014,182.55
1483,1,1,0,6,8,2016,217.15
1579,1,0,0,6,6,2005,197.95
1418,0,1,0,1,10,1988,115.9
2884,1,0,1,5,7,2023,311.2
1348,1,0,0,8,5,1986,127.4
2530,1,0,1,8,3,2011,264.5
2520,0,0,0,3,8,1984,143
1118,0,0,0,8,9,1999,131.9
3737,1,0,1,3,7,1996,276.85
3209,0,0,0,5,10,2010,238.45
2693,1,1,0,7,10,2012,322.65
3491,1,0,0,4,4,2000,231.55
2938,1,1,1,8,3,2019,293.9
918,1,1,0,7,10,2016,221.9
1106,1,0,0,5,4,1997,124.3
2568,1,1,1,9,10,2015,356.4
3424,1,0,1,4,3,2008,273.2
1447,0,1,0,4,2,2003,73.35
3712,1,0,0,7,10,1986,281.6
2984,1,1,1,10,2,2013,308.2
1603,1,0,1,5,10,1988,227.15
3307,0,0,0,5,9,2010,249.35
1902,0,0,1,6,10,2011,209.1
3918,1,0,1,10,6,2002,352.9
1328,0,0,1,8,7,1988,119.4
2096,0,1,0,4,4,2009,147.8
895,0,1,1,5,6,2023,191.75
1641,1,0,1,4,6,1998,183.05
1544,0,1,0,2,8,2014,182.2
3078,1,1,1,4,10,2003,326.9
2342,0,0,1,7,9,2005,238.1
2720,0,1,0,8,5,2014,240
2750,1,0,1,10,6,2006,302.5
3945,1,1,0,10,6,1984,280.25
3597,1,0,1,9,5,2019,336.85
2696,1,1,0,3,6,2021,284.8
880,1,1,0,4,3,1983,98
1219,1,0,0,7,7,2008,197.95
2243,1,0,1,1,8,1988,185.15
1227,0,0,0,2,7,2008,111.35
913,0,0,0,8,3,2005,76.65
1292,1,1,1,2,7,1985,152.6
1747,0,1,1,7,7,2001,183.35
3815,0,1,1,9,8,1995,318.75
1001,0,0,0,6,3,1982,29.05
3579,0,0,0,7,5,2015,229.95
2772,1,0,1,6,6,2017,288.6
1376,1,0,1,3,10,1989,197.8
1454,1,1,1,10,4,1989,190.7
821,1,0,0,7,2,1981,76.05
2680,0,1,1,7,4,1996,200
908,1,1,0,1,8,1999,156.4
3176,0,1,1,9,10,2008,336.8
2312,1,1,0,2,9,1995,218.6
1341,1,1,0,9,9,1991,186.05
1624,0,0,0,3,4,2022,111.2
3046,0,1,1,4,4,2022,269.3
2084,0,1,0,6,7,2017,212.2
1217,1,1,0,9,4,2020,205.85
1546,1,0,1,7,9,2022,267.3
2264,1,0,0,9,6,1987,206.2
1828,0,0,1,3,5,1987,121.4
3722,1,1,1,10,7,1993,352.1
2337,1,0,1,10,3,1985,177.85
2996,0,1,1,2,10,2009,258.8
1442,1,0,1,3,10,1997,218.1
1273,0,0,0,7,9,2005,162.65
943,1,1,1,1,9,2007,196.15
1238,1,0,1,5,5,1989,129.9
2134,1,1,0,8,2,2010,219.7
1471,0,1,0,10,9,2010,204.55
2762,0,1,0,8,7,1985,175.1
3633,1,1,1,6,2,2018,306.65
2256,0,0,1,3,7,2003,171.8
2711,1,0,0,7,8,1990,243.55
3396,0,1,1,7,3,2010,244.8
829,1,1,1,2,7,2013,187.45
2177,0,1,1,4,9,2008,235.85
3964,1,0,1,3,10,2014,373.2
1716,0,1,1,9,3,1984,136.8
2212,0,1,0,5,6,2018,211.6
2463,1,1,0,3,9,1986,225.15
830,0,1,1,7,5,1998,115.5
1360,1,0,1,9,9,2022,282
2327,1,0,0,10,7,1980,197.35
1291,1,1,0,3,3,2016,170.55
3505,1,1,0,10,5,1990,287.25
3864,1,1,0,8,6,1999,321.2
3678,0,0,0,9,7,1997,222.9
3369,1,0,1,1,2,2005,217.45
2740,1,0,0,3,8,1994,216
2439,1,1,1,1,6,2015,255.95
3148,1,0,0,9,6,2009,267.4
2789,0,1,0,9,9,1990,212.45
2220,1,1,0,3,5,1998,201
2625,0,0,1,6,2,2022,223.25
3454,1,1,0,7,8,2014,349.7
2152,1,1,0,9,3,2008,205.6
1254,0,1,0,8,9,1996,145.7
3476,1,1,1,9,6,2002,334.8
3561,0,0,0,8,2,2003,184.05
1147,0,0,0,6,5,1992,74.35
3239,0,0,0,8,3,1994,165.95
1313,0,0,1,7,6,1990,137.65
822,1,1,1,3,5,1992,125.1
2713,1,0,1,10,4,2007,273.65
1565,0,0,0,3,8,2012,152.25
3812,1,0,0,4,9,1997,297.6
1399,0,0,0,2,10,2017,153.95
912,0,0,0,2,3,2020,77.6
2114,0,0,0,6,4,1981,101.7
1741,0,1,0,7,3,1987,80.05
2038,0,0,0,8,6,1990,116.9
804,1,1,0,5,5,2018,175.2
2337,1,1,1,10,10,2010,321.85
3728,1,0,1,9,7,1994,315.4
1986,1,1,1,10,2,1998,198.3
1536,1,0,0,4,9,1998,162.8
2057,1,0,0,5,7,2023,238.85
3115,1,1,1,9,4,2009,328.75
3478,1,1,1,3,4,1987,266.9
2106,0,0,1,2,3,2004,138.3
2996,1,0,1,3,3,2014,262.8
1530,1,1,1,9,5,1984,186.5
2033,1,1,1,5,8,2019,278.65
2504,1,1,0,10,5,1998,252.2
1849,0,1,0,10,5,1995,135.45
1876,0,1,1,8,4,1983,140.8
1152,0,1,1,7,9,2006,194.6
2416,1,0,0,3,3,2019,208.8
2042,0,1,0,3,2,1998,116.1
1752,1,1,1,7,2,2007,223.6
3126,0,1,0,10,6,1982,219.3
3725,1,0,1,6,6,2011,329.25
3644,0,0,1,6,3,2003,215.2
1271,0,1,0,5,10,2011,173.55
3894,0,0,0,5,10,2004,296.7
2980,0,1,1,6,6,2008,240
1014,0,1,0,10,2,2004,90.7
3675,1,0,0,7,10,1987,284.75
1834,0,0,1,1,6,2010,171.7
1306,0,0,1,3,5,1994,114.3
2435,1,0,1,5,2,2005,209.75
2402,0,1,1,8,8,2006,264.1
2714,0,0,1,2,10,1991,209.7
3116,0,0,1,9,7,1997,233.8
3690,1,0,0,9,7,2012,340.5
854,0,0,1,1,10,1986,103.7
2537,1,1,0,3,10,2019,315.85
3398,0,1,1,10,6,2001,282.9
1798,0,0,0,2,8,2021,173.9
1123,0,0,0,5,6,1987,50.15
1096,1,0,1,5,8,2022,226.8
2758,0,0,1,7,6,1994,202.9
2509,0,0,0,5,4,2011,174.45
1319,0,0,1,3,2,1995,69.95
1867,1,0,0,10,7,2012,225.35
3646,0,0,0,10,2,1999,190.3
3738,1,1,0,8,6,2020,326.9
2617,0,1,1,7,6,2019,265.85
2118,0,0,1,2,9,1991,159.9
2354,0,1,0,6,8,1981,166.7
1943,1,1,0,3,9,1997,219.15
3483,0,1,0,3,3,1998,180.15
3338,0,1,1,5,6,2018,289.9
3305,0,1,0,1,3,2022,229.25
2174,0,0,0,7,2,2019,147.7
2632,1,0,0,10,2,1988,195.6
2566,1,1,1,10,7,2014,331.3
3703,0,1,0,9,9,1981,256.15
3764,0,1,1,3,10,2019,338.2
1103,0,0,1,2,2,2010,103.15
1340,1,1,1,3,3,2020,207
1084,0,0,0,8,5,2023,148.2
1871,1,1,1,4,3,2005,191.55
2976,1,0,0,2,2,1984,140.8
1168,0,1,0,3,4,1985,59.4
2225,1,0,1,7,9,2003,275.25
3251,0,1,0,10,7,2005,255.55
3026,1,1,0,9,7,1986,252.3
981,0,1,0,5,8,2016,152.05
2298,1,0,1,8,3,1987,183.9
1633,0,1,1,2,9,1981,143.65
3885,0,1,1,6,10,2017,370.25
2111,0,0,0,3,10,1980,143.55
2492,1,0,0,6,8,1999,235.6
2049,1,1,1,8,9,1996,286.45
3974,0,1,1,2,10,2012,349.7
1390,0,0,1,6,7,2017,176.5
1245,0,0,1,9,7,1986,138.25
868,0,0,1,3,5,1984,40.4
2666,0,0,1,2,3,1994,133.3
2096,1,1,0,5,5,2018,217.8
3163,1,1,0,9,8,2018,332.15
3251,0,0,0,2,4,1996,171.55
3077,0,0,0,10,2,1987,138.85
850,1,1,0,3,8,1995,144.5
2091,0,1,0,10,6,1998,181.55
2609,0,1,1,3,6,1980,161.45
2772,1,1,1,2,9,1991,271.6
1194,0,1,0,9,10,1980,138.7
3882,0,0,0,6,7,2002,254.1
3766,0,1,1,7,10,2022,368.3
3489,0,1,1,7,2,2023,274.45
1017,1,1,0,4,5,2012,170.85
1623,0,0,1,3,10,2017,207.15
3986,0,0,1,9,8,1983,276.3
3667,0,1,0,1,6,1985,177.35
3088,0,0,1,7,10,2014,303.4
1687,0,0,0,4,6,2016,155.35
3755,1,1,1,10,8,2015,407.75
2604,0,1,1,4,8,2023,273.2
1094,1,0,1,7,5,1992,159.7
1805,0,1,1,3,8,1983,153.25
2231,0,1,0,5,6,2012,207.55
3549,0,1,1,5,2,1997,221.45
1613,1,0,0,2,5,1983,117.65
3134,0,1,0,8,6,2005,254.7
2103,0,1,0,4,5,2018,174.15
1256,0,1,1,6,5,1997,141.8
3742,0,1,1,10,2,2009,255.1
2199,1,1,1,1,5,2010,254.95
3657,0,0,1,6,5,1989,213.85
2879,1,1,1,6,6,2005,307.95
1122,0,0,1,5,10,2018,199.1
3666,1,0,0,6,2,2005,250.3
3865,1,1,0,10,2,2023,345.25
3648,0,0,0,6,4,2001,219.4
854,0,0,1,7,9,1982,106.7
854,0,1,0,2,7,1983,68.7
3292,1,0,1,3,3,1995,228.6
3502,1,0,0,3,4,2016,266.1
2329,1,0,0,2,5,1982,159.45
1709,0,1,0,10,2,2005,139.45
3571,0,0,1,8,5,2002,247.55
2860,1,1,0,2,8,2006,260
3548,1,1,0,5,2,1998,229.4
1115,0,0,1,8,4,2021,172.75
2796,1,1,1,7,9,1980,291.8
1623,1,1,0,2,5,1983,137.15
2987,1,1,0,1,5,1993,216.35
977,0,1,1,7,3,2022,137.85
3022,1,0,0,5,8,1999,272.1
1194,0,1,0,6,9,1984,135.7
3421,0,1,0,7,4,2017,253.05
2152,0,1,1,1,3,1990,142.6
1520,1,0,0,1,8,2007,175
1583,0,0,1,6,5,2000,155.15
2790,0,1,0,8,6,1984,191.5
1589,1,0,0,1,4,2018,151.45
1339,0,1,0,3,5,2002,116.95
3435,0,1,1,8,10,2015,359.75
2830,1,0,0,9,6,1996,228.5
821,1,1,1,6,9,2013,246.05
1759,1,0,0,9,6,2019,213.95
3268,1,1,1,5,6,2004,288.4
3766,1,0,1,7,9,2020,393.3
2206,1,0,1,8,5,2013,261.3
1091,1,0,0,2,5,2002,110.55
1643,0,1,0,9,4,2021,173.15
3073,0,0,0,4,8,1997,208.65
2620,0,0,0,9,10,1995,214
1990,0,0,0,8,9,2006,202.5
1742,1,0,1,10,7,1988,213.1
2894,1,0,1,5,6,2019,306.7
1186,0,0,0,2,5,1986,46.3
3800,1,1,0,3,10,1981,272
3546,0,0,1,6,4,2022,280.3
3378,0,0,0,2,4,2001,171.9
1556,1,0,0,4,9,1997,193.8
960,0,0,1,5,6,2016,164
2408,0,0,0,6,3,2011,158.4
3300,1,1,1,5,5,2000,299
1136,1,1,1,1,3,2018,169.8
3611,0,0,1,3,10,1989,241.55
1945,0,1,1,1,4,2023,169.25
1556,0,1,1,10,6,2015,230.8
2455,1,1,0,9,3,2018,238.75
2836,1,1,0,8,7,1993,268.8
3254,1,0,0,3,5,2013,244.7
2036,1,0,1,3,8,2012,267.8
2374,1,1,1,2,2,1982,169.7
3982,1,0,0,4,2,1984,226.1
2374,0,0,0,2,3,1996,111.7
2531,0,0,1,1,2,2011,141.55
1841,0,1,0,8,8,2005,192.05
1011,1,0,0,9,4,2019,155.55
928,0,0,0,9,5,1989,77.4
2609,0,1,1,5,7,1980,201.45
2141,1,0,1,3,6,2008,211.05
2246,1,1,0,9,8,2003,250.3
2618,1,0,0,2,5,1992,194.9
3317,1,1,1,5,7,2020,357.85
3547,1,1,1,5,2,1993,248.35
3244,0,1,1,7,3,2008,227.2
2160,0,1,0,8,4,2016,171
3376,1,0,1,2,3,2022,286.8
1923,1,0,1,3,7,1986,173.15
2500,1,1,1,4,5,2002,242
1183,0,1,0,9,8,1989,135.15
3121,0,0,0,3,5,1982,119.05
1079,1,0,0,7,3,2009,141.95
2590,0,1,0,3,3,2001,158.5
3455,1,0,0,4,8,2015,285.75
1204,0,0,1,3,6,2018,158.2
2296,1,1,1,8,7,2001,260.8
1163,1,0,0,2,4,1983,88.15
1143,0,0,1,6,5,1991,117.15
1185,1,1,1,3,5,1986,144.25
3145,0,0,1,1,10,2008,264.25
3706,0,1,0,1,3,1991,153.3
2192,0,1,1,1,2,2003,143.6
3898,1,0,1,2,4,2017,327.9
3948,0,0,0,10,9,2020,328.4
1966,0,1,1,2,10,2004,207.3
1268,0,1,0,8,9,1999,178.4
1845,0,0,0,2,5,2023,156.25
2617,0,0,1,10,2,2023,219.85
1722,1,1,1,1,9,1991,201.1
3491,0,0,1,5,5,2007,232.55
3033,0,0,0,6,3,1995,134.65
1993,1,0,0,2,2,1984,86.65
1375,1,1,1,3,2,2021,182.75
1441,1,0,0,6,7,1986,145.05
1240,0,0,1,5,9,2006,149
1338,0,0,1,2,6,1994,111.9
3517,0,1,0,4,4,2001,193.85
1101,0,0,1,7,10,2008,189.05
3455,1,0,1,7,9,1982,308.75
2688,1,1,1,1,2,1997,197.4
2892,1,0,1,2,2,2022,236.6
1469,0,1,0,9,7,2023,196.45
3950,1,0,0,9,5,1999,302.5
917,1,0,1,6,8,1980,151.85
2843,1,1,0,1,7,2016,280.15
3790,1,1,1,10,10,1997,384.5
3918,1,0,1,8,2,2017,309.9
1153,1,0,1,1,4,2001,124.65
1737,1,0,1,3,6,1996,187.85
3319,1,0,0,5,7,2005,273.95
3607,0,0,0,3,7,1983,199.35
1644,0,1,0,2,6,1989,119.2
2746,1,0,0,7,3,1998,217.3
2185,1,0,0,10,2,1989,169.25
2648,1,0,1,10,5,2011,278.4
1503,1,0,1,9,3,2003,173.15
2425,0,0,1,8,9,2016,263.25
3979,1,0,1,7,2,1995,271.95
2036,0,1,1,10,7,2003,220.8
929,0,0,1,5,8,2008,159.45
3020,0,0,1,10,9,2006,270
3540,0,1,1,6,7,2000,291
3323,0,1,1,8,8,2021,321.15
1205,0,1,0,8,2,1993,93.25
3162,1,1,0,6,10,2017,344.1
3226,1,1,1,1,7,2014,307.3
3427,1,0,0,7,9,2013,339.35
3853,1,0,1,2,9,1984,310.65
1002,1,0,0,5,6,1999,137.1
3852,0,1,0,2,8,2018,292.6
3670,1,1,0,2,3,2022,297.5
3647,1,1,0,8,2,1998,248.35
1882,0,0,1,9,6,1997,171.1
2360,1,0,1,1,2,2011,211
3572,1,0,1,5,6,1998,308.6
2315,0,1,0,3,8,2007,179.75
1768,1,0,1,10,3,2014,221.4
3612,0,0,0,5,9,1982,204.6
1753,0,1,0,5,3,1998,89.65
3365,0,1,1,2,8,1991,257.25
3930,1,1,0,8,3,2016,312.5
1261,0,0,0,9,9,1980,127.05
2659,0,1,1,1,3,2009,191.95
2280,1,1,1,3,4,2003,215
2177,1,0,1,5,4,2008,209.85
3368,0,1,0,4,7,1989,193.4
975,0,1,0,1,2,1981,-7.25
872,0,1,1,10,8,1993,156.6
3591,0,0,0,6,3,1981,166.55
2899,0,0,0,10,6,2001,209.95
3490,1,1,0,4,10,1985,291.5
3749,0,1,1,8,3,2012,301.45
1183,1,1,1,10,8,2002,258.15
1059,1,0,0,7,2,2012,133.95
2212,0,0,1,8,10,2012,267.6
806,1,0,1,6,7,2004,193.3
1231,1,0,0,1,3,2021,132.55
846,0,1,0,4,5,2000,85.3
1903,0,1,0,6,4,1986,88.15
3873,0,1,1,3,5,1985,213.65
2172,1,1,0,9,7,2005,241.6
945,0,1,1,7,9,1981,153.25
2738,1,0,0,2,3,1980,118.9
2202,0,1,1,5,4,2010,187.1
3330,0,1,0,8,7,1983,214.5
1371,0,1,0,5,8,1983,127.55
1633,0,0,1,6,4,2001,124.65
1570,1,0,1,3,4,2012,171.5
3607,0,1,1,7,8,1999,279.35
3475,1,1,1,3,5,2005,289.75
2592,1,1,0,7,7,1995,226.6
2612,0,1,0,10,3,1986,134.6
1416,0,0,1,5,4,1983,83.8
1229,0,0,1,1,10,1990,135.45
3526,0,0,1,2,10,1990,248.3
2104,1,1,1,9,9,2006,305.2
3322,1,1,1,1,2,1997,235.1
1836,0,0,1,1,4,2017,156.8
3998,1,1,0,5,4,2021,308.9
1998,1,1,1,10,3,2004,226.9
2346,1,1,0,3,2,2023,221.3
3058,0,1,1,8,2,2008,228.9
1817,1,1,1,8,4,2001,213.85
3367,1,1,1,2,5,1984,233.35
2219,1,1,1,2,5,1980,175.95
1501,1,0,0,5,6,1993,135.05
3369,0,1,1,1,7,1986,202.45
3844,1,1,0,9,5,2005,317.2
2646,0,1,0,4,6,2011,204.3
1647,1,0,1,7,5,2004,203.35
1694,0,0,1,2,4,1995,95.7
917,1,0,0,9,4,2018,171.85
1035,0,1,1,3,5,1984,71.75
1655,1,0,1,4,10,2020,276.75
2258,1,1,0,10,8,2019,289.9
2680,0,1,1,1,2,2003,185
2731,1,1,0,10,3,1991,230.55
1907,1,0,0,8,4,2003,182.35
3936,0,1,1,2,2,2007,242.8
3867,1,0,0,2,2,1985,210.35
3568,1,0,0,8,10,1995,290.4
1508,0,1,1,3,5,1989,123.4
3733,0,0,0,6,3,1990,164.65
3784,0,1,1,1,4,2017,264.2
2149,0,0,1,6,8,2015,241.45
867,1,0,1,2,9,2000,154.35
3082,0,0,1,1,4,2023,245.1
3992,0,0,1,1,7,2015,268.6
2352,0,1,0,2,9,2011,192.6
1653,0,0,0,7,3,2019,154.65
3649,0,0,1,8,8,2021,305.45
2800,0,1,1,7,8,2018,292
1138,1,1,0,8,2,2005,155.9
875,1,0,1,1,5,2001,136.75
2430,1,0,1,5,8,1989,216.5
3450,1,0,1,1,8,2019,343.5
3314,1,0,0,1,6,2012,253.7
1272,1,0,1,3,10,1993,200.6
3873,1,1,1,8,6,2016,394.65
3237,0,0,1,9,5,2004,262.85
3274,0,0,1,1,2,1990,147.7
917,0,1,0,10,5,1991,85.85
1593,1,0,0,6,2,1999,142.65
3114,0,0,0,2,10,1992,194.7
2693,0,0,0,6,4,1996,155.65
2223,1,1,1,10,2,2003,239.15
2841,0,1,0,3,4,2009,194.05
3617,1,0,0,9,4,2019,316.85
2646,1,0,1,7,8,2011,317.3
1153,1,1,1,9,10,2011,271.65
3888,1,1,1,5,2,1984,271.4
3745,0,0,1,8,3,2020,286.25
2409,0,1,1,6,8,1996,234.45
1086,0,0,0,3,3,2009,56.3
854,1,1,0,10,5,1993,140.7
842,1,0,1,3,3,2014,150.1
3721,0,0,0,3,10,1988,246.05
894,1,0,1,8,5,1983,137.7
2513,0,1,0,4,9,2012,243.65
2335,1,0,0,7,3,1997,170.75
921,0,0,0,8,7,1998,120.05
3345,0,1,1,1,10,1983,218.25
2131,1,1,1,1,5,2014,248.55
3912,0,0,1,8,5,2007,270.6
2859,0,1,0,2,7,2007,191.95
1571,1,1,1,2,4,2017,227.55
1521,0,0,0,8,8,2015,184.05
2945,1,0,0,7,2,2003,198.25
1479,0,1,1,6,6,1992,149.95
3652,0,0,0,1,8,2011,257.6
3314,1,1,1,10,3,2005,324.7
1727,1,1,0,2,7,2001,185.35
1584,1,0,1,3,2,2002,130.2
1935,1,1,1,4,5,1989,202.75
912,0,0,1,5,4,1991,79.6
2035,0,0,1,6,2,2011,138.75
857,1,0,0,5,7,1989,102.85
2313,1,0,1,9,5,2020,282.65
2057,1,1,1,7,4,2013,272.85
2638,0,1,0,1,7,1988,138.9
1750,0,1,0,7,10,1991,188.5
2065,1,1,1,2,5,2023,260.25
1968,0,0,0,7,3,1998,96.4
899,1,1,1,5,5,2005,170.95
3428,1,0,1,2,10,2007,345.4
1077,1,1,1,4,5,1994,163.85
2582,0,1,0,1,2,2009,132.1
2722,1,1,1,3,2,1990,187.1
1378,1,1,1,4,4,2000,196.9
3214,0,0,1,4,7,1995,238.7
1383,1,1,0,8,7,2010,215.15
1919,0,1,0,5,4,2023,159.95
2319,1,1,0,2,4,1986,143.95
3697,1,0,0,8,9,1993,300.85
3888,0,0,0,5,3,1989,165.4
3942,0,0,1,6,7,2008,312.1
2917,1,1,1,6,4,1981,246.85
2099,0,0,0,7,10,1996,186.95
989,0,0,0,3,9,2001,90.45
2288,0,0,0,6,6,2008,151.4
2816,0,1,1,4,4,1984,161.8
1544,1,0,1,3,10,1984,208.2
2660,0,1,0,2,6,1983,134
1833,0,1,0,4,8,2001,155.65
3709,0,0,1,3,4,1992,205.45
1695,1,1,0,4,4,2013,175.75
1889,0,0,1,9,9,2019,233.45
2181,1,0,0,4,2,1982,119.05
3308,0,1,1,5,3,2013,248.4
2331,0,0,0,8,5,2017,191.55
1521,1,1,1,7,3,1988,179.05
3724,0,0,0,5,3,2005,210.2
2349,0,0,0,5,7,1980,137.45
1288,0,1,1,2,6,2005,162.4
1898,0,0,1,8,2,2015,156.9
2997,1,1,0,8,3,2007,244.85
2129,0,1,1,2,6,1981,126.45
3449,1,0,1,5,7,2020,348.45
1708,1,0,1,7,7,1982,182.4
1588,1,0,1,8,5,2012,212.4
1853,1,1,0,9,2,1995,166.65
2115,1,1,1,6,2,2010,245.75
3624,0,0,0,9,8,1999,238.2
2421,1,1,0,4,7,2010,256.05
2836,1,1,0,4,2,2008,200.8
1173,1,1,0,6,3,2009,138.65
1664,0,0,0,2,9,2005,148.2
3208,0,0,0,9,2,2000,189.4
2115,0,1,0,1,2,2016,132.75
1630,1,1,0,9,3,2022,218.5
3623,1,1,0,5,7,1980,262.15
843,0,0,0,4,7,1994,90.15
1913,0,1,0,7,3,1995,125.65
3127,0,1,0,7,10,2000,266.35
2135,0,0,0,2,9,1990,142.75
2395,0,0,1,10,5,2010,212.75
3661,0,0,0,7,6,1998,223.05
1617,0,0,0,7,2,1994,79.85
967,0,0,0,9,3,1990,56.35
1501,1,0,0,6,6,1984,143.05
939,0,0,0,7,10,2002,123.95
3240,1,0,1,7,7,2010,306
3254,0,1,1,7,7,1990,254.7
1585,0,0,1,6,4,2008,142.25
2348,1,0,1,3,7,2014,244.4
2129,0,0,1,9,8,2007,239.45
3089,0,0,1,10,3,2017,236.45
1016,1,0,0,2,8,1993,116.8
2521,0,1,0,5,10,1991,204.05
3854,1,1,1,10,10,2018,410.7
1136,1,1,0,4,4,1981,79.8
1044,1,0,0,2,6,1988,83.2
1934,0,1,1,8,7,1991,170.7
1944,1,0,1,5,6,2010,238.2
2493,1,1,0,9,5,2018,293.65
2095,0,1,1,4,7,1984,157.75
1794,1,0,1,6,8,1998,227.7
2060,0,1,0,3,10,1994,160
1212,1,0,1,5,6,2021,206.6
1561,1,1,1,4,10,2012,283.05
1444,1,0,0,5,4,1989,110.2
2041,1,1,0,10,9,2021,319.05
3520,1,0,1,10,6,1980,290
2226,1,0,1,10,7,2000,245.3
1859,0,0,1,1,10,1983,142.95
1637,1,1,0,3,10,1984,204.85
1890,0,0,1,5,10,1999,188.5
3092,1,0,0,5,5,2017,248.6
3298,1,1,0,7,9,2015,347.9
1401,1,0,1,6,4,1985,146.05
3173,1,1,1,10,7,1988,300.65
2620,0,1,1,1,3,2020,213
3284,1,0,0,1,8,1992,248.2
837,0,0,1,5,3,1982,20.85
1498,1,1,1,9,5,1998,230.9
2014,0,1,1,9,8,2023,261.7
2220,0,0,0,5,4,2002,111
1921,0,1,0,5,10,2013,230.05
1219,0,1,1,5,6,2017,170.95
3793,0,1,1,2,2,2014,249.65
3110,0,1,1,10,7,1996,270.5
1803,1,1,1,5,2,2004,206.15
2528,1,1,0,3,2,2002,166.4
1385,1,0,0,9,5,2000,177.25
2108,1,0,0,5,10,2016,281.4
2062,1,1,0,5,8,2009,253.1
3101,0,0,0,7,5,2004,190.05
3835,1,1,0,3,4,1990,263.75
3762,0,0,1,8,6,1995,275.1
3381,0,0,0,7,10,2016,283.05
2585,0,0,0,3,5,1987,104.25
2497,0,1,0,4,4,2005,147.85
1499,1,0,1,8,3,2019,215.95
3413,1,0,1,6,7,1988,295.65
1101,1,0,0,3,10,1986,140.05
1335,0,0,0,2,3,1990,29.75
2732,1,0,0,9,9,1989,251.6
2596,0,0,1,5,5,2001,170.8
1524,1,0,0,5,5,1986,111.2
2619,1,1,0,9,4,2016,257.95
2224,1,0,0,6,10,2009,263.2
3550,0,1,1,3,6,2018,271.5
2391,0,0,1,5,7,1986,164.55
1861,1,0,1,9,2,2011,221.05
1777,1,1,1,6,5,1993,217.85
2674,0,1,1,10,5,2016,267.7
1006,0,0,0,6,5,2002,68.3
2040,0,1,0,7,8,1980,164
1324,0,0,1,9,3,2020,181.2
1199,1,1,0,6,6,2010,195.95
2830,0,1,1,4,3,2008,223.5
3414,0,1,1,3,7,1997,236.7
2554,0,0,0,4,7,2022,221.7
993,0,0,1,9,7,1992,113.65
2358,0,0,1,9,6,1985,174.9
2674,1,0,0,9,10,2019,308.7
972,1,1,1,4,7,2013,229.6
1666,0,1,1,8,10,2004,211.3
1778,1,1,1,10,4,2001,240.9
3031,1,0,1,10,10,2007,327.55
1006,0,0,1,6,10,1990,145.3
1961,0,1,0,3,7,2011,194.05
2575,1,1,1,3,7,2015,299.75
2087,0,1,1,7,8,1991,184.35
868,0,0,1,8,10,1992,142.4
1392,0,1,0,2,7,2008,152.6
3331,1,1,0,10,10,1994,339.55
2566,1,0,1,3,4,2011,217.3
2731,1,1,1,1,2,2006,239.55
3426,0,1,1,3,2,1990,172.3
1954,1,0,1,10,4,2021,255.7
2997,1,0,1,10,3,2018,293.85
1166,0,1,1,9,6,1985,117.3
1611,0,1,1,5,2,1988,99.55
1689,0,1,1,10,8,1994,214.45
2361,1,0,0,8,10,1986,244.05
3166,0,1,1,8,6,2001,257.3
3090,1,0,0,1,4,1986,164.5
3363,0,1,1,9,5,1984,217.15
2897,1,1,1,2,10,2001,296.85
942,1,0,1,5,4,2001,154.1
1368,1,1,0,5,4,2003,140.4
1240,1,0,0,10,6,1984,158
2023,1,0,0,6,9,2000,212.15
1798,1,0,0,7,7,2018,229.9
3409,1,0,0,7,2,2020,247.45
1315,0,1,0,6,6,1991,121.75
2903,0,1,1,6,10,2003,281.15
3095,0,1,0,9,2,1995,186.75
951,0,0,1,5,8,1995,109.55
2909,0,0,1,4,5,2020,222.45
3108,0,1,1,10,2,2009,253.4
1782,1,1,1,8,4,2016,261.1
3727,1,0,0,10,9,2007,323.35
1006,1,1,0,5,5,2008,173.3
1002,0,1,0,8,6,2012,150.1
3354,1,0,1,1,5,1986,224.7
1512,0,1,0,8,6,2003,156.6
1960,0,1,0,2,9,2015,194
2344,0,0,0,8,3,2007,135.2
3362,1,1,1,8,4,1996,281.1
2380,0,0,0,6,3,1990,115
2048,1,0,0,3,10,2011,240.4
3822,1,1,1,8,5,2005,346.1
2985,0,0,1,6,4,2016,232.25
1897,1,0,1,3,7,1985,189.85
2703,1,1,1,3,10,2007,313.15
3401,0,1,0,2,7,1995,221.05
2776,0,1,1,6,8,1985,204.8
3770,0,0,0,2,10,1989,240.5
3254,1,0,1,8,5,2019,332.7
2706,0,0,0,4,4,2011,154.3
3355,0,0,0,8,5,2015,240.75
857,0,1,0,6,7,2006,137.85
1969,0,1,0,8,9,2002,187.45
3449,1,0,0,5,9,2021,336.45
1738,0,0,0,1,6,2010,129.9
1968,0,0,1,7,4,2008,176.4
3150,0,1,0,4,3,2005,186.5
2124,0,1,1,8,10,2013,259.2
1125,0,1,0,3,7,2009,146.25
3034,0,1,1,8,5,1992,211.7
3854,1,1,1,2,10,2022,396.7
2360,0,0,1,5,4,2021,216
3671,0,0,0,1,2,1996,135.55
2625,0,0,0,4,3,2004,125.25
2412,0,0,1,5,2,2007,168.6
2021,0,1,0,3,8,2002,167.05
3112,1,1,0,3,4,1989,228.6
2920,0,1,0,6,10,2004,268
1720,1,1,0,10,2,2003,168
3934,1,1,1,2,6,1982,276.7
3198,0,1,1,8,3,2005,222.9
2923,1,0,0,10,5,2013,267.15
3810,0,1,1,10,7,2020,365.5
2791,0,0,1,4,4,1997,160.55
2147,0,0,1,6,2,1998,113.35
2225,0,0,0,6,3,2010,151.25
1454,1,1,0,2,10,2007,212.7
1921,0,1,0,4,4,2020,172.05
3838,1,0,0,1,10,2006,321.9
2724,0,1,0,9,2,1990,171.2
3202,0,1,1,8,6,2006,276.1
1047,0,1,0,2,10,1990,111.35
3470,1,1,1,10,9,2007,386.5
3123,0,1,0,3,7,1981,178.15
2620,0,0,0,7,5,2016,185
837,0,1,1,2,9,2017,194.85
2991,0,1,0,1,9,2006,224.55
919,0,1,0,1,9,2000,97.95
3557,1,0,0,3,8,2020,329.85
3135,0,1,0,1,7,1998,192.75
3040,1,1,0,4,3,2021,256
2470,1,1,1,1,6,1990,217.5
2055,0,1,1,9,5,1993,186.75
3188,1,1,0,4,3,1980,185.4
3138,1,1,0,6,4,2002,256.9
1684,0,0,1,4,8,1986,149.2
1823,1,1,0,5,5,1991,168.15
2077,1,1,1,1,3,1992,155.85
3006,0,0,1,9,5,2008,253.3
2251,0,0,1,3,10,1995,205.55
1032,0,0,0,6,9,2001,127.6
2942,1,1,1,2,8,2005,277.1
3793,1,1,1,10,8,2009,404.65
1963,1,0,0,6,9,2005,234.15
1440,1,1,1,1,2,2005,154
3579,1,1,1,4,8,1985,308.95
974,0,1,1,4,6,1991,129.7
1868,1,1,1,1,3,1986,130.4
2298,1,1,1,10,7,2021,334.9
2216,1,0,0,3,3,2006,163.8
2590,1,1,0,8,2,1986,167.5
2222,1,1,1,8,7,1998,256.1
2486,0,0,0,4,9,1999,168.3
1892,1,1,1,1,9,2004,248.6
2470,1,1,0,6,3,2012,207.5
2442,0,0,1,9,7,2003,235.1
977,1,1,1,8,3,2010,205.85
2368,1,1,0,3,8,1993,219.4
2213,1,1,0,1,5,2012,201.65
1158,0,0,1,4,8,2003,162.9
1508,1,0,0,7,2,2006,125.4
3019,0,1,0,8,7,1983,206.95
1169,1,0,0,7,7,2006,188.45
1051,0,0,1,4,7,1991,116.55
1358,0,1,1,9,7,1982,130.9
2785,1,0,0,2,7,1980,192.25
1326,0,1,0,3,6,1998,111.3
3212,1,1,1,2,5,1995,260.6
3433,1,0,1,6,7,2007,312.65
1617,0,0,0,10,3,1987,86.85
2782,1,0,1,7,9,1988,277.1
1566,0,1,0,6,2,1989,59.3
915,0,1,1,6,4,2000,128.75
2519,1,1,1,7,6,2021,303.95
3440,0,0,0,5,2,2004,187
3247,1,1,1,6,5,1991,286.35
3361,0,0,1,7,9,1986,244.05
2390,1,0,1,7,10,2010,291.5
3799,1,1,0,2,8,2017,343.95
1770,0,0,1,5,4,2023,164.5
3946,1,1,0,9,7,2009,330.3
3995,1,1,1,4,2,1985,248.75
2727,1,1,0,6,4,2013,268.35
3900,1,0,0,1,7,2003,291
3998,0,0,1,5,10,2021,360.9
2625,0,1,0,3,8,2003,187.25
2850,0,0,1,2,10,2016,247.5
1543,0,0,1,5,6,2002,141.15
3926,1,0,0,6,2,2017,289.3
3894,1,0,0,1,2,1981,183.7
1210,0,0,1,10,7,2023,202.5
3657,1,0,1,7,9,2020,369.85
3490,0,0,0,8,5,1988,190.5
2983,1,1,1,5,7,1989,258.15
3734,0,0,0,2,4,1989,156.7
3543,0,1,1,3,6,2016,265.15
3372,0,1,1,8,6,1997,279.6
2655,0,0,0,6,9,2007,217.75
3596,0,1,1,8,4,2022,288.8
2128,1,0,1,2,2,1985,155.4
2065,1,0,1,2,8,2017,256.25
1865,1,0,0,2,10,1998,212.25
1913,0,1,0,7,10,1984,150.65
1449,1,1,0,9,6,1992,197.45
3091,1,1,1,4,3,1981,202.55
2013,1,0,1,3,8,1985,194.65
1809,1,1,1,9,2,2008,233.45
2920,1,1,1,5,4,1986,240
1228,0,0,0,6,5,1995,87.4
2189,0,1,0,6,5,1993,145.45
1807,1,0,0,8,4,1993,149.35
2080,0,1,0,3,9,1982,162
1943,1,1,0,4,6,1988,175.15
1662,1,1,1,1,6,2018,252.1
3790,1,1,1,10,6,2013,358.5
3807,1,1,1,8,10,2003,404.35
836,1,0,0,2,6,1987,99.8
2600,0,1,0,3,8,2015,226
3855,0,0,1,1,7,1987,235.75
2367,0,0,1,3,6,1990,168.35
1932,0,0,0,6,9,2011,201.6
3983,1,0,1,7,10,2003,353.15
2156,1,1,1,1,3,2002,211.8
1826,1,1,1,8,8,1984,247.3
1996,1,1,1,4,3,1988,167.8
1912,0,0,0,8,5,2021,162.6
3385,0,1,0,6,10,2023,295.25
2469,0,0,0,1,3,1992,104.45
1863,0,0,1,10,4,1992,149.15
2202,1,0,1,10,7,2011,287.1
3447,1,0,1,6,3,1991,246.35
2906,0,1,1,1,6,2010,241.3
3323,1,1,1,8,2,1983,255.15
2903,0,1,1,3,9,1988,231.15
2776,0,1,0,7,3,2019,212.8
836,0,0,1,1,3,1992,55.8
3903,1,0,0,10,6,2009,307.15
2800,1,1,1,8,9,2003,345
2787,0,0,0,1,9,2001,184.35
1509,0,1,1,10,7,1993,172.45
2920,1,1,0,5,4,2008,227
1845,0,1,1,6,7,2012,201.25
2977,0,0,0,1,8,2012,217.85
3469,1,1,0,10,9,2005,324.45
2048,0,0,0,3,7,2012,166.4
3009,1,1,1,8,10,2016,372.45
2092,1,0,1,9,6,1992,203.6
1451,1,1,0,3,6,1988,152.55
2469,1,1,1,6,5,1991,229.45
2799,0,1,0,4,2,1991,116.95
2899,0,0,0,5,5,1993,137.95
1261,1,0,0,7,2,2020,148.05
2440,1,1,0,3,7,2021,277
2225,1,0,1,6,3,2020,259.25
3648,0,1,0,7,9,2017,304.4
3204,1,1,1,5,9,1984,280.2
1550,0,1,1,5,10,2008,208.5
1682,0,1,0,3,4,1997,97.1
1778,1,0,1,10,6,2007,223.9
2026,0,1,1,8,6,1997,179.3
2170,1,1,1,7,2,2000,228.5
2248,1,1,0,3,3,1980,146.4
3403,0,1,1,8,4,1981,205.15
3097,1,1,0,6,10,2002,302.85
1769,1,0,0,6,9,1993,212.45
1144,1,1,0,10,6,2010,191.2
3382,0,1,0,3,10,1985,220.1
1175,1,1,1,3,3,1986,135.75
1112,1,0,1,6,10,1991,194.6
1880,1,0,1,8,5,2010,238
3132,0,1,0,2,4,2011,216.6
2366,0,1,1,7,10,2015,286.3
3095,0,0,0,4,9,2009,242.75
1272,1,1,0,9,7,1993,171.6
1673,0,0,1,4,2,2017,145.65
1604,1,0,0,5,3,2002,143.2
2126,0,0,0,9,9,1986,165.3
1318,1,1,0,6,5,2014,177.9
2886,0,0,1,7,3,2009,219.3
2683,0,0,1,6,3,1985,154.15
3228,0,1,1,10,2,2005,234.4
1016,0,1,1,9,2,2013,135.8
2530,1,0,0,8,4,1990,175.5
3938,1,0,1,7,5,1981,267.9
898,1,1,1,8,4,2011,197.9
1286,0,0,0,10,6,2009,123.3
2494,1,1,1,9,9,1982,268.7
1731,1,0,0,8,8,1994,210.55
2421,0,0,0,2,4,1993,109.05
2644,0,1,1,9,5,1982,206.2
1720,1,0,1,9,2,1991,166
1449,1,1,1,1,2,2005,169.45
1080,0,1,0,2,6,1995,97
2617,0,1,0,8,2,2012,191.85
3245,0,0,0,8,6,2003,237.25
3591,1,1,0,9,4,2003,292.55
2342,0,0,1,9,8,2010,231.1
1281,1,1,1,7,4,2006,206.05
2718,1,0,1,5,10,1990,263.9
3632,1,1,0,1,10,2018,340.6
2940,1,1,0,10,8,2021,333
3977,0,0,1,8,10,2018,340.85
1478,1,1,1,1,6,2000,187.9
2013,1,0,1,10,5,1992,214.65
1869,1,0,0,9,5,1995,167.45
1081,0,0,1,5,4,2021,149.05
1202,1,1,0,10,10,2006,235.1
1167,0,0,0,3,10,2002,112.35
2456,0,0,0,4,5,2016,161.8
3893,1,1,0,7,9,1990,334.65
1054,1,0,0,3,4,1996,103.7
3649,0,1,0,3,7,2015,268.45
1566,1,1,0,6,8,1980,151.3
3387,1,1,0,2,8,1996,259.35
3412,0,1,0,1,10,1991,231.6
3211,1,1,0,8,9,2000,306.55
2544,1,1,1,10,6,2007,302.2
1829,1,0,0,6,9,2005,241.45
2792,0,1,1,7,7,1980,191.6
2655,0,1,1,3,4,1980,138.75
2402,1,1,0,5,3,1991,192.1
3320,1,1,0,6,2,2015,253
2503,0,0,0,10,3,2000,160.15
2187,1,1,1,1,6,1982,174.35
1347,1,1,0,3,2,2008,127.35
1101,0,0,1,2,3,1989,33.05
952,0,0,1,4,2,1989,63.6
920,0,0,0,6,3,1987,48
3565,0,0,0,1,8,1981,174.25
2773,0,0,1,1,8,2005,204.65
974,0,0,0,1,4,2020,69.7
2672,0,0,1,1,9,1981,177.6
3915,0,1,1,4,6,1996,251.75
1590,0,0,0,7,4,1984,59.5
1742,0,1,1,5,4,1991,149.1
3824,1,1,1,6,4,1987,266.2
2295,0,0,0,9,6,2006,175.75
1336,0,1,0,5,2,1989,64.8
1501,0,0,1,4,4,2020,139.05
2752,1,0,0,7,9,2020,312.6
2276,1,0,0,9,7,2023,292.8
3172,0,1,1,7,3,2002,217.6
1242,1,0,0,10,9,1981,145.1
1888,0,1,1,8,9,1986,214.4
3669,0,1,1,4,7,1983,231.45
2776,1,0,1,1,8,2005,277.8
1278,1,1,0,3,2,1996,102.9
2762,0,1,0,2,6,2018,234.1
838,1,0,1,3,10,1992,190.9
2040,1,0,1,1,4,1982,140
3879,1,0,1,3,6,1996,294.95
1760,0,0,0,4,9,1993,141
3759,1,0,0,3,2,2011,253.95
1357,1,0,0,4,8,1995,141.85
1615,1,1,1,1,7,1988,201.75
3368,1,0,0,10,3,1980,216.4
2010,1,0,0,7,6,1986,164.5
3721,1,1,1,10,8,1994,356.05
1381,1,0,0,3,4,1988,114.05
1397,0,0,0,7,3,1987,69.85
2053,1,1,0,8,9,2017,294.65
2410,1,1,1,4,2,1980,164.5
2775,0,0,1,8,7,2016,256.75
2855,1,0,1,1,7,2005,261.75
3061,1,1,0,10,2,2006,246.05
1640,0,1,1,5,6,1980,129
3874,0,1,1,3,2,2014,251.7
3798,0,1,0,1,2,2017,218.9
3002,1,1,1,5,6,1998,288.1
827,0,1,0,8,9,1985,120.35
3911,1,1,0,4,5,2008,294.55
2272,0,0,1,7,8,2010,239.6
2167,1,1,1,7,6,1981,198.35
2961,1,0,1,3,7,2008,283.05
1478,0,1,1,7,5,1993,152.9
2145,1,1,1,2,7,2008,246.25
1957,0,1,0,2,4,2007,144.85
2552,1,0,0,1,9,2023,276.6
3557,0,0,1,2,10,2016,280.85
2986,1,0,1,2,6,1982,227.3
3758,0,1,1,8,2,2017,300.9
3896,0,1,1,2,7,2018,315.8
913,0,1,1,1,4,1980,58.65
2495,1,1,0,5,4,1994,209.75
1285,0,1,1,2,5,2017,142.25
883,0,1,1,9,7,1998,175.15
2417,0,1,0,1,8,1990,158.85
1337,1,1,0,10,2,1988,123.85
825,0,0,0,5,10,1983,84.25
1497,0,0,1,8,3,1980,77.85
1145,1,1,0,5,2,1990,107.25
3470,1,1,1,2,2,1997,228.5
2524,0,0,1,10,5,2016,219.2
1023,1,1,0,7,2,1984,111.15
2802,1,1,0,3,9,1983,233.1
3430,1,0,1,4,7,2009,322.5
2576,1,1,0,4,8,1991,249.8
2898,0,1,1,8,6,2005,264.9
2277,0,1,1,7,6,1995,194.85
1197,0,1,1,5,9,2008,197.85
3948,0,1,0,8,5,1990,232.4
3080,1,0,0,4,2,1991,165
2520,1,1,0,4,6,2003,217
3307,0,0,0,8,7,2007,247.35
1834,1,0,1,9,5,1985,170.7
3984,1,1,0,5,4,2004,273.2
1622,0,1,0,6,7,1993,135.1
